{"frameRate":24,"name":"DragonBones_tutorial_Start","armature":[{"name":"Dragon","bone":[{"transform":{"scY":1,"skY":0,"x":161,"scX":1,"y":-166.05,"skX":0},"name":"tailTip","parent":"tail"},{"transform":{"scY":1,"skY":-60,"x":-19.15,"scX":1,"y":-173.7,"skX":-60},"name":"armUpperL","parent":"armL"},{"transform":{"scY":1,"skY":-105,"x":-26.65,"scX":1,"y":-137.05,"skX":-105},"name":"armL","parent":"body"},{"transform":{"scY":1,"skY":-45,"x":-47.35,"scX":1,"y":-127.95,"skX":-45},"name":"handL","parent":"armL"},{"transform":{"scY":1,"skY":0,"x":2.05,"scX":1,"y":-99,"skX":0},"name":"legL","parent":"body"},{"transform":{"scY":1,"skY":0,"x":29,"scX":1,"y":-137,"skX":0},"name":"body"},{"transform":{"scY":1,"skY":0,"x":14.45,"scX":1,"y":-224.1,"skX":0},"name":"head","parent":"body"},{"transform":{"scY":1,"skY":0,"x":71,"scX":1,"y":-81.7,"skX":0},"name":"tail","parent":"body"},{"transform":{"scY":1,"skY":-15,"x":38.4,"scX":1,"y":-100.3,"skX":-15},"name":"legR","parent":"body"},{"transform":{"scY":1,"skY":45,"x":37.4,"scX":1,"y":-170.7,"skX":45},"name":"armUpperR","parent":"armR"},{"transform":{"scY":1,"skY":30,"x":92.7,"scX":1,"y":-141,"skX":30},"name":"armR","parent":"body"},{"transform":{"scY":1,"skY":30,"x":74.3,"scX":1,"y":-133.75,"skX":30},"name":"handR","parent":"armR"}],"skin":[{"slot":[{"name":"tailTip","z":0,"display":[{"transform":{"pY":0,"skY":0,"x":-23.25,"scX":1,"y":-93.1,"scY":1,"pX":0,"skX":0},"name":"parts/tailTip","type":"image"}],"parent":"tailTip"},{"name":"armUpperL","z":1,"display":[{"transform":{"pY":0,"skY":0,"x":-42.7,"scX":1,"y":-16.55,"scY":1,"pX":0,"skX":0},"name":"parts/armUpperL","type":"image"}],"parent":"armUpperL"},{"name":"armL","z":2,"display":[{"transform":{"pY":0,"skY":0,"x":-14.5,"scX":1,"y":-26.1,"scY":1,"pX":0,"skX":0},"name":"parts/armL","type":"image"}],"parent":"armL"},{"name":"handL","z":3,"display":[{"transform":{"pY":0,"skY":0,"x":-38.9,"scX":1,"y":-28.5,"scY":1,"pX":0,"skX":0},"name":"parts/handL","type":"image"}],"parent":"handL"},{"name":"legL","z":4,"display":[{"transform":{"pY":0,"skY":0,"x":-91.6,"scX":1,"y":-14.8,"scY":1,"pX":0,"skX":0},"name":"parts/legL","type":"image"}],"parent":"legL"},{"name":"body","z":5,"display":[{"transform":{"pY":0,"skY":0,"x":-58.65,"scX":1,"y":-86.55,"scY":1,"pX":0,"skX":0},"name":"parts/body","type":"image"}],"parent":"body"},{"name":"head","z":6,"display":[{"transform":{"pY":0,"skY":0,"x":-115.4,"scX":1,"y":-156.9,"scY":1,"pX":0,"skX":0},"name":"parts/head","type":"image"}],"parent":"head"},{"name":"tail","z":7,"display":[{"transform":{"pY":-63.8,"skY":0,"x":-11.5,"scX":1,"y":-176.3,"scY":1,"pX":0,"skX":0},"name":"parts/tail","type":"image"}],"parent":"tail"},{"name":"legR","z":8,"display":[{"transform":{"pY":0,"skY":0,"x":-44.9,"scX":1,"y":-16.6,"scY":1,"pX":0,"skX":0},"name":"parts/legR","type":"image"}],"parent":"legR"},{"name":"armUpperR","z":9,"display":[{"transform":{"pY":0,"skY":0,"x":-11.45,"scX":1,"y":-29.65,"scY":1,"pX":0,"skX":0},"name":"parts/armUpperR","type":"image"}],"parent":"armUpperR"},{"name":"armR","z":10,"display":[{"transform":{"pY":0,"skY":0,"x":-12.25,"scX":1,"y":-12.4,"scY":1,"pX":0,"skX":0},"name":"parts/armR","type":"image"}],"parent":"armR"},{"name":"handR","z":11,"display":[{"transform":{"pY":0,"skY":0,"x":-26.6,"scX":1,"y":-2.9,"scY":1,"pX":0,"skX":0},"name":"parts/handR","type":"image"}],"parent":"handR"}],"name":"default"}],"animation":[{"autoTween":1,"timeline":[{"name":"tailTip","scale":1,"frame":[{"transform":{"pY":0,"skY":0,"x":161,"scX":1,"y":-166.05,"scY":1,"pX":0,"skX":0},"z":0,"duration":4},{"transform":{"pY":-0.05,"skY":30,"x":171.95,"scX":1,"y":-125.05,"scY":1,"pX":0,"skX":30},"z":0,"duration":4},{"transform":{"pY":0,"skY":0,"x":161,"scX":1,"y":-166.05,"scY":1,"pX":0,"skX":0},"z":0,"duration":1}],"offset":0},{"name":"armUpperL","scale":1,"frame":[{"transform":{"pY":0,"skY":-60,"x":-19.15,"scX":1,"y":-173.7,"scY":1,"pX":0,"skX":-60},"z":1,"duration":4},{"transform":{"pY":0,"skY":0,"x":-19.2,"scX":1,"y":-173.75,"scY":1,"pX":0.05,"skX":0},"z":1,"duration":4},{"transform":{"pY":0,"skY":-60,"x":-19.15,"scX":1,"y":-173.7,"scY":1,"pX":0,"skX":-60},"z":1,"duration":1}],"offset":0},{"name":"armL","scale":1,"frame":[{"transform":{"pY":0,"skY":-105,"x":-26.65,"scX":1,"y":-137.05,"scY":1,"pX":0,"skX":-105},"z":2,"duration":4},{"transform":{"pY":0.05,"skY":-30,"x":-61.05,"scX":1,"y":-155.4,"scY":1,"pX":0,"skX":-30},"z":2,"duration":4},{"transform":{"pY":0,"skY":-105,"x":-26.65,"scX":1,"y":-137.05,"scY":1,"pX":0,"skX":-105},"z":2,"duration":1}],"offset":0},{"name":"handL","scale":1,"frame":[{"transform":{"pY":0,"skY":-45,"x":-47.35,"scX":1,"y":-127.95,"scY":1,"pX":0,"skX":-45},"z":3,"duration":4},{"transform":{"pY":0.05,"skY":15,"x":-79.35,"scX":1,"y":-166.7,"scY":1,"pX":-0.05,"skX":15},"z":3,"duration":4},{"transform":{"pY":0,"skY":-45,"x":-47.35,"scX":1,"y":-127.95,"scY":1,"pX":0,"skX":-45},"z":3,"duration":1}],"offset":0},{"name":"legL","scale":1,"frame":[{"transform":{"pY":0,"skY":0,"x":2.05,"scX":1,"y":-99,"scY":1,"pX":0,"skX":0},"z":4,"duration":4},{"transform":{"pY":0,"skY":-105,"x":-8.95,"scX":1,"y":-86,"scY":1,"pX":0.05,"skX":-105},"z":4,"duration":4},{"transform":{"pY":0,"skY":0,"x":2.05,"scX":1,"y":-99,"scY":1,"pX":0,"skX":0},"z":4,"duration":1}],"offset":0},{"name":"body","scale":1,"frame":[{"transform":{"pY":0,"skY":0,"x":29,"scX":1,"y":-137,"scY":1,"pX":0,"skX":0},"z":5,"duration":4},{"transform":{"pY":41.1,"skY":5.75,"x":7.75,"scX":1,"y":-178.1,"scY":1,"pX":21.3,"skX":5.75},"z":5,"duration":4},{"transform":{"pY":0,"skY":0,"x":29,"scX":1,"y":-137,"scY":1,"pX":0,"skX":0},"z":5,"duration":1}],"offset":0},{"name":"head","scale":1,"frame":[{"transform":{"pY":0,"skY":0,"x":14.45,"scX":1,"y":-224.1,"scY":1,"pX":0,"skX":0},"z":6,"duration":4},{"transform":{"pY":0.05,"skY":-6.57,"x":14.45,"scX":1,"y":-221.1,"scY":1,"pX":-0.05,"skX":-6.57},"z":6,"duration":4},{"transform":{"pY":0,"skY":0,"x":14.45,"scX":1,"y":-224.1,"scY":1,"pX":0,"skX":0},"z":6,"duration":1}],"offset":0},{"name":"tail","scale":1,"frame":[{"transform":{"pY":0,"skY":0,"x":71,"scX":1,"y":-81.7,"scY":1,"pX":0,"skX":0},"z":7,"duration":4},{"transform":{"pY":-0.05,"skY":23.64,"x":51.95,"scX":1,"y":-80.2,"scY":1,"pX":0,"skX":23.64},"z":7,"duration":4},{"transform":{"pY":0,"skY":0,"x":71,"scX":1,"y":-81.7,"scY":1,"pX":0,"skX":0},"z":7,"duration":1}],"offset":0},{"name":"legR","scale":1,"frame":[{"transform":{"pY":0,"skY":-15,"x":38.4,"scX":1,"y":-100.3,"scY":1,"pX":0,"skX":-15},"z":8,"duration":4},{"transform":{"pY":0.1,"skY":55.93,"x":45.5,"scX":1,"y":-87.4,"scY":1,"pX":-0.05,"skX":55.93},"z":8,"duration":4},{"transform":{"pY":0,"skY":-15,"x":38.4,"scX":1,"y":-100.3,"scY":1,"pX":0,"skX":-15},"z":8,"duration":1}],"offset":0},{"name":"armUpperR","scale":1,"frame":[{"transform":{"pY":0,"skY":45,"x":37.4,"scX":1,"y":-170.7,"scY":1,"pX":0,"skX":45},"z":9,"duration":4},{"transform":{"pY":0,"skY":15,"x":37.45,"scX":1,"y":-170.65,"scY":1,"pX":0.1,"skX":15},"z":9,"duration":4},{"transform":{"pY":0,"skY":45,"x":37.4,"scX":1,"y":-170.7,"scY":1,"pX":0,"skX":45},"z":9,"duration":1}],"offset":0},{"name":"armR","scale":1,"frame":[{"transform":{"pY":0,"skY":30,"x":92.7,"scX":1,"y":-141,"scY":1,"pX":0,"skX":30},"z":10,"duration":4},{"transform":{"pY":-0.1,"skY":-30,"x":100.35,"scX":1,"y":-173.25,"scY":1,"pX":-0.05,"skX":-30},"z":10,"duration":4},{"transform":{"pY":0,"skY":30,"x":92.7,"scX":1,"y":-141,"scY":1,"pX":0,"skX":30},"z":10,"duration":1}],"offset":0},{"name":"handR","scale":1,"frame":[{"transform":{"pY":0,"skY":30,"x":74.3,"scX":1,"y":-133.75,"scY":1,"pX":0,"skX":30},"z":11,"duration":4},{"transform":{"pY":-0.1,"skY":-15,"x":104.25,"scX":1,"y":-153.3,"scY":1,"pX":0.15,"skX":-15},"z":11,"duration":4},{"transform":{"pY":0,"skY":30,"x":74.3,"scX":1,"y":-133.75,"scY":1,"pX":0,"skX":30},"z":11,"duration":1}],"offset":0}],"duration":9,"scale":1,"loop":0,"tweenEasing":null,"name":"walk","fadeInTime":0.3}]}],"version":2.3}