{"imagePath":"texture.png","name":"DragonBones_tutorial_Start","SubTexture":[{"name":"parts/tailTip","x":439,"width":56,"y":0,"height":105},{"name":"parts/armUpperL","x":439,"width":56,"y":106,"height":43},{"name":"parts/armL","x":100,"width":24,"y":198,"height":40},{"name":"parts/handL","x":0,"width":48,"y":198,"height":39},{"name":"parts/legL","x":211,"width":102,"y":175,"height":90},{"name":"parts/body","x":211,"width":118,"y":0,"height":174},{"name":"parts/head","x":0,"width":210,"y":0,"height":197},{"name":"parts/tail","x":330,"width":108,"y":0,"height":139},{"name":"parts/legR","x":330,"width":90,"y":140,"height":116},{"name":"parts/armUpperR","x":421,"width":80,"y":150,"height":47},{"name":"parts/armR","x":125,"width":23,"y":198,"height":39},{"name":"parts/handR","x":50,"width":49,"y":198,"height":29}]}