{"name":"BSL03_Anim_Reel-Items_dragonbones","SubTexture":[{"name":"bsl03_reels_blocker_17px","x":265,"width":17,"y":484,"height":17},{"name":"ship_merge_sd","x":674,"width":122,"y":0,"height":132},{"name":"ship_deck_back_outline","x":360,"width":63,"y":763,"height":40},{"name":"ship_deck_outline","x":641,"width":28,"y":488,"height":54},{"name":"ship_great-mast_outline","x":187,"width":76,"y":430,"height":107},{"name":"ship_fore-mast_outline","x":671,"width":68,"y":505,"height":92},{"name":"ship_jib_outline","x":460,"width":48,"y":831,"height":34},{"name":"ship_flag_outline","x":747,"width":24,"y":921,"height":20},{"name":"ship_hull_outline","x":413,"width":116,"y":983,"height":82},{"name":"ship_deck_back_base","x":864,"width":54,"y":814,"height":32},{"name":"ship_deck_base","x":517,"width":19,"y":349,"height":45},{"name":"ship_great-mast_base","x":368,"width":68,"y":495,"height":98},{"name":"ship_fore-mast_base","x":471,"width":60,"y":534,"height":83},{"name":"ship_jib_base","x":914,"width":39,"y":876,"height":26},{"name":"ship_flag_base","x":913,"width":16,"y":480,"height":11},{"name":"ship_hull_base","x":777,"width":107,"y":495,"height":73},{"name":"waves_base","x":914,"width":81,"y":856,"height":19},{"name":"reelitem_ship_cannon","x":621,"width":19,"y":505,"height":14},{"name":"cannonfire","x":281,"width":44,"y":851,"height":31},{"name":"reelitem_ship_cannon light","x":954,"width":32,"y":876,"height":32},{"name":"cannonsmoke","x":987,"width":28,"y":894,"height":30},{"name":"reelitem_ship_light","x":188,"width":184,"y":0,"height":180},{"name":"reelitem_ship_highlights","x":373,"width":163,"y":0,"height":118},{"name":"bonus_merge_sd","x":797,"width":135,"y":0,"height":117},{"name":"map_main_outline","x":51,"width":135,"y":942,"height":94},{"name":"map_overflap_outline","x":471,"width":43,"y":451,"height":81},{"name":"bonus_text_outline","x":531,"width":114,"y":1030,"height":58},{"name":"map_underflap_outline","x":425,"width":37,"y":763,"height":43},{"name":"map_main_base","x":843,"width":124,"y":933,"height":84},{"name":"reelitem_map_path","x":528,"width":74,"y":761,"height":40},{"name":"__dbTextures/_export/1/bsl03_reels_bonus-sd/Calque 7_23","x":479,"width":7,"y":339,"height":5},{"name":"__dbTextures/_export/1/bsl03_reels_bonus-sd/Calque 7_24","x":285,"width":12,"y":455,"height":7},{"name":"__dbTextures/_export/1/bsl03_reels_bonus-sd/Calque 7_25","x":167,"width":19,"y":514,"height":8},{"name":"__dbTextures/_export/1/bsl03_reels_bonus-sd/Calque 7_26","x":976,"width":26,"y":926,"height":7},{"name":"__dbTextures/_export/1/bsl03_reels_bonus-sd/Calque 7_27","x":455,"width":33,"y":924,"height":7},{"name":"__dbTextures/_export/1/bsl03_reels_bonus-sd/Calque 7_28","x":389,"width":37,"y":918,"height":12},{"name":"__dbTextures/_export/1/bsl03_reels_bonus-sd/Calque 7_29","x":587,"width":39,"y":904,"height":16},{"name":"__dbTextures/_export/1/bsl03_reels_bonus-sd/Calque 7_30","x":269,"width":43,"y":910,"height":16},{"name":"__dbTextures/_export/1/bsl03_reels_bonus-sd/Calque 7_31","x":693,"width":46,"y":893,"height":16},{"name":"__dbTextures/_export/1/bsl03_reels_bonus-sd/Calque 7_32","x":510,"width":48,"y":864,"height":23},{"name":"__dbTextures/_export/1/bsl03_reels_bonus-sd/Calque 7_33","x":860,"width":53,"y":847,"height":26},{"name":"__dbTextures/_export/1/bsl03_reels_bonus-sd/Calque 7_34","x":651,"width":59,"y":825,"height":26},{"name":"__dbTextures/_export/1/bsl03_reels_bonus-sd/Calque 7_35","x":510,"width":65,"y":838,"height":25},{"name":"__dbTextures/_export/1/bsl03_reels_bonus-sd/Calque 7_36","x":168,"width":70,"y":838,"height":25},{"name":"__dbTextures/_export/1/bsl03_reels_bonus-sd/Calque 7_37","x":919,"width":71,"y":830,"height":25},{"name":"__dbTextures/_export/1/bsl03_reels_bonus-sd/Calque 7_38","x":171,"width":71,"y":809,"height":28},{"name":"reelitem_map_x","x":913,"width":15,"y":467,"height":12},{"name":"map_overflap_base","x":136,"width":32,"y":397,"height":70},{"name":"bonus_text_darkoutline","x":747,"width":106,"y":871,"height":49},{"name":"bonus_text-B_base","x":736,"width":36,"y":660,"height":45},{"name":"bonus_text-O_base","x":759,"width":17,"y":430,"height":26},{"name":"bonus_text-N_base","x":353,"width":18,"y":455,"height":25},{"name":"bonus_text-U_base","x":642,"width":15,"y":404,"height":23},{"name":"bonus_text-S_base","x":359,"width":13,"y":359,"height":23},{"name":"cannon_merge_sd","x":293,"width":119,"y":931,"height":102},{"name":"cannon_fuse_outline","x":658,"width":14,"y":408,"height":20},{"name":"cannon_panel_back_outline","x":663,"width":56,"y":725,"height":54},{"name":"cannon_cannon_outline","x":748,"width":133,"y":1018,"height":58},{"name":"cannon_panel-front_outline","x":668,"width":66,"y":599,"height":66},{"name":"cannon_rope_outline","x":604,"width":48,"y":733,"height":54},{"name":"cannon_fuse_base","x":518,"width":6,"y":219,"height":12},{"name":"reelitem_cannon","x":779,"width":12,"y":336,"height":18},{"name":"cannon_panel_back_base","x":603,"width":47,"y":789,"height":46},{"name":"cannon_cannon_base","x":0,"width":121,"y":1038,"height":47},{"name":"cannon_panel-front_base","x":471,"width":58,"y":618,"height":58},{"name":"cannon_rope_base","x":881,"width":39,"y":630,"height":46},{"name":"cannon_chunk_base","x":479,"width":8,"y":304,"height":13},{"name":"cannon_chunk2_base","x":285,"width":12,"y":399,"height":13},{"name":"cannon_chunk3_base","x":1018,"width":5,"y":146,"height":5},{"name":"cannon_smokering_filtered","x":730,"width":42,"y":706,"height":41},{"name":"cannon_smoke_base","x":879,"width":40,"y":677,"height":42},{"name":"reelitem_cannonlight_cannon","x":64,"width":100,"y":905,"height":36},{"name":"reelitem_cannonfire","x":654,"width":57,"y":781,"height":42},{"name":"reelitem_cannonlight","x":0,"width":78,"y":756,"height":50},{"name":"grog_merge_sd","x":792,"width":96,"y":382,"height":111},{"name":"grog_cork_outline","x":246,"width":40,"y":696,"height":42},{"name":"grog_jug_outline","x":373,"width":96,"y":387,"height":106},{"name":"grog_cork_base","x":661,"width":31,"y":890,"height":33},{"name":"__dbTextures/_export/1/bsl03_reels_grog-sd/Calque 3_18","x":1018,"width":5,"y":127,"height":9},{"name":"__dbTextures/_export/1/bsl03_reels_grog-sd/Calque 3_19","x":518,"width":6,"y":232,"height":10},{"name":"__dbTextures/_export/1/bsl03_reels_grog-sd/Calque 3_20","x":479,"width":8,"y":319,"height":10},{"name":"__dbTextures/_export/1/bsl03_reels_grog-sd/Calque 3_21","x":890,"width":9,"y":382,"height":11},{"name":"__dbTextures/_export/1/bsl03_reels_grog-sd/Calque 3_22","x":285,"width":11,"y":435,"height":11},{"name":"__dbTextures/_export/1/bsl03_reels_grog-sd/Calque 3_23","x":641,"width":14,"y":467,"height":12},{"name":"__dbTextures/_export/1/bsl03_reels_grog-sd/Calque 3_24","x":777,"width":14,"y":431,"height":18},{"name":"__dbTextures/_export/1/bsl03_reels_grog-sd/Calque 3_25","x":915,"width":14,"y":371,"height":27},{"name":"__dbTextures/_export/1/bsl03_reels_grog-sd/Calque 3_26","x":900,"width":14,"y":329,"height":38},{"name":"__dbTextures/_export/1/bsl03_reels_grog-sd/Calque 3_27","x":658,"width":14,"y":328,"height":50},{"name":"__dbTextures/_export/1/bsl03_reels_grog-sd/Calque 3_28","x":643,"width":14,"y":316,"height":63},{"name":"__dbTextures/_export/1/bsl03_reels_grog-sd/Calque 3_29","x":900,"width":14,"y":252,"height":76},{"name":"__dbTextures/_export/1/bsl03_reels_grog-sd/Calque 3_30","x":915,"width":14,"y":262,"height":75},{"name":"__dbTextures/_export/1/bsl03_reels_grog-sd/Calque 3_31","x":518,"width":13,"y":273,"height":75},{"name":"__dbTextures/_export/1/bsl03_reels_grog-sd/Calque 3_32","x":174,"width":13,"y":301,"height":74},{"name":"__dbTextures/_export/1/bsl03_reels_grog-sd/Calque 3_33","x":285,"width":13,"y":308,"height":74},{"name":"__dbTextures/_export/1/bsl03_reels_grog-sd/Calque 3_34","x":360,"width":12,"y":181,"height":73},{"name":"__dbTextures/_export/1/bsl03_reels_grog-sd/Calque 3_35","x":661,"width":12,"y":224,"height":72},{"name":"__dbTextures/_export/1/bsl03_reels_grog-sd/Calque 3_36","x":360,"width":12,"y":255,"height":72},{"name":"__dbTextures/_export/1/bsl03_reels_grog-sd/Calque 3_37","x":525,"width":11,"y":201,"height":71},{"name":"__dbTextures/_export/1/bsl03_reels_grog-sd/Calque 3_38","x":779,"width":10,"y":264,"height":71},{"name":"__dbTextures/_export/1/bsl03_reels_grog-sd/Calque 3_39","x":479,"width":7,"y":345,"height":2},{"name":"hook_fx_base","x":933,"width":89,"y":0,"height":110},{"name":"hook_base","x":0,"width":112,"y":404,"height":116},{"name":"parrot_merge_sd","x":373,"width":115,"y":119,"height":135},{"name":"parrot_leftwing_outline","x":136,"width":36,"y":301,"height":94},{"name":"parrot_rightwing_outline","x":536,"width":83,"y":498,"height":80},{"name":"parrot_tail_outline","x":489,"width":34,"y":119,"height":98},{"name":"parrot_body_outline","x":243,"width":36,"y":826,"height":38},{"name":"parrot_branch_outline","x":0,"width":106,"y":586,"height":52},{"name":"parrot_head_outline","x":587,"width":39,"y":872,"height":30},{"name":"parrot_leftwing_base","x":489,"width":28,"y":219,"height":85},{"name":"parrot_rightwing_base","x":182,"width":77,"y":539,"height":74},{"name":"parrot_tail_base","x":645,"width":25,"y":134,"height":89},{"name":"parrot_body_base","x":240,"width":28,"y":900,"height":30},{"name":"parrot_branch_base","x":773,"width":97,"y":739,"height":44},{"name":"parrot_head_base","x":945,"width":30,"y":909,"height":21},{"name":"weapons_merge_sd","x":797,"width":118,"y":118,"height":133},{"name":"weapons_cutlas_outline","x":373,"width":104,"y":255,"height":130},{"name":"weapons_flintlock_outline","x":674,"width":116,"y":133,"height":129},{"name":"weapons_cutlas_base","x":188,"width":96,"y":308,"height":121},{"name":"reelitem_weapons_shine","x":916,"width":13,"y":118,"height":143},{"name":"weapons_glow_1","x":930,"width":85,"y":457,"height":85},{"name":"reelitem_weapons_sparks","x":171,"width":73,"y":778,"height":30},{"name":"reelitem_weapons_shinestar","x":295,"width":43,"y":533,"height":52},{"name":"shark_merge_sd","x":537,"width":136,"y":0,"height":132},{"name":"shark_dorsalfin_outline","x":878,"width":40,"y":721,"height":40},{"name":"shark_leftfin_outline","x":406,"width":42,"y":847,"height":36},{"name":"shark_tail_outline","x":300,"width":58,"y":181,"height":108},{"name":"shark_body_outline","x":920,"width":78,"y":724,"height":62},{"name":"shark_head1_outline","x":930,"width":92,"y":339,"height":116},{"name":"shark_head3_outline","x":930,"width":92,"y":221,"height":116},{"name":"shark_rightfin_outline","x":479,"width":36,"y":377,"height":72},{"name":"shark_dorsalfin_base","x":497,"width":31,"y":888,"height":32},{"name":"shark_leftfin_base","x":430,"width":34,"y":894,"height":27},{"name":"shark_tail_base","x":136,"width":50,"y":200,"height":100},{"name":"shark_body_base","x":364,"width":70,"y":664,"height":54},{"name":"shark_head1_base","x":674,"width":84,"y":396,"height":108},{"name":"shark_head3_base","x":537,"width":84,"y":389,"height":108},{"name":"shark_head2_base","x":933,"width":84,"y":112,"height":108},{"name":"shark_rightfin_base","x":339,"width":28,"y":481,"height":63},{"name":"shark_snap1","x":108,"width":67,"y":618,"height":60},{"name":"shark_snap2","x":664,"width":65,"y":667,"height":57},{"name":"shark_snap3","x":406,"width":53,"y":808,"height":37},{"name":"buccaneer_merge_sd","x":188,"width":110,"y":181,"height":125},{"name":"buccaneer_body_outline","x":529,"width":73,"y":712,"height":47},{"name":"buccaneer_face_outline","x":721,"width":49,"y":748,"height":52},{"name":"buccaneer_hat_outline","x":174,"width":70,"y":739,"height":37},{"name":"buccaneer_forearm_outline","x":741,"width":34,"y":518,"height":46},{"name":"buccaneer_gun_outline","x":300,"width":57,"y":291,"height":84},{"name":"buccaneer_hammer_outline","x":516,"width":17,"y":513,"height":14},{"name":"buccaneer_hand_outline","x":168,"width":33,"y":864,"height":39},{"name":"nametag_outline","x":773,"width":103,"y":694,"height":43},{"name":"buccaneer_thumb_base","x":913,"width":15,"y":399,"height":24},{"name":"buccaneer_arm_base","x":741,"width":32,"y":566,"height":43},{"name":"buccaneer_bandana1_base","x":1000,"width":22,"y":758,"height":29},{"name":"buccaneer_body_base","x":363,"width":69,"y":719,"height":43},{"name":"buccaneer_hat_base","x":0,"width":67,"y":807,"height":33},{"name":"buccaneer_gunlight","x":114,"width":67,"y":531,"height":86},{"name":"buccaneer_forearm_base","x":336,"width":26,"y":685,"height":38},{"name":"buccaneer_gun","x":299,"width":53,"y":377,"height":80},{"name":"buccaneer_gun_gunlight","x":488,"width":28,"y":305,"height":71},{"name":"buccaneer_hammer_base","x":285,"width":13,"y":413,"height":10},{"name":"buccaneer_hand_base","x":0,"width":29,"y":881,"height":35},{"name":"reelitem_cannonsmoke","x":167,"width":19,"y":494,"height":19},{"name":"buccaneer_fire_base","x":881,"width":39,"y":578,"height":51},{"name":"nametag_base","x":67,"width":99,"y":865,"height":39},{"name":"__dbTextures/buccaneer_face_base/Calque 5_0","x":294,"width":41,"y":586,"height":46},{"name":"buccaneer_mouth","x":269,"width":23,"y":927,"height":9},{"name":"buccaneer_cheek","x":1018,"width":5,"y":137,"height":7},{"name":"__dbTextures/buccaneer_face_base/Calque 2_0","x":450,"width":46,"y":867,"height":26},{"name":"bsl03_reels_blocker","x":622,"width":17,"y":486,"height":17},{"name":"captain_merge_sd","x":674,"width":103,"y":264,"height":130},{"name":"captain_forearm_outline","x":336,"width":22,"y":724,"height":40},{"name":"captain_hair2_outline","x":135,"width":30,"y":468,"height":61},{"name":"captain_bandana_outline","x":635,"width":44,"y":852,"height":31},{"name":"captain_hat_outline","x":86,"width":86,"y":725,"height":50},{"name":"captain_hair1_outline","x":260,"width":28,"y":603,"height":44},{"name":"captain_coin_outline","x":43,"width":22,"y":841,"height":26},{"name":"coin_blur_01_outline","x":497,"width":25,"y":921,"height":20},{"name":"coin_blur_02_outline","x":854,"width":27,"y":911,"height":19},{"name":"coin_blur_03_outline","x":914,"width":29,"y":903,"height":26},{"name":"coin_blur_04_outline","x":628,"width":31,"y":885,"height":31},{"name":"captain_hand1_outline","x":559,"width":26,"y":897,"height":32},{"name":"captain_jacket_base","x":0,"width":84,"y":694,"height":60},{"name":"captain_forearm_base","x":915,"width":14,"y":338,"height":32},{"name":"captain_eyes_base","x":114,"width":20,"y":520,"height":6},{"name":"captain_iris_base","x":532,"width":4,"y":131,"height":4},{"name":"captain_head_base","x":260,"width":33,"y":557,"height":45},{"name":"captain_hair2_base","x":890,"width":22,"y":397,"height":52},{"name":"captain_bandana_base","x":203,"width":36,"y":899,"height":22},{"name":"captain_hat_base","x":919,"width":77,"y":788,"height":41},{"name":"captain_hair1_base","x":114,"width":20,"y":445,"height":36},{"name":"captain_earring1_base","x":1018,"width":4,"y":112,"height":14},{"name":"captain_earring2_base","x":532,"width":4,"y":119,"height":10},{"name":"captain_coin_base","x":777,"width":14,"y":450,"height":17},{"name":"coin_blur_01","x":741,"width":17,"y":505,"height":12},{"name":"coin_blur_02","x":621,"width":18,"y":520,"height":9},{"name":"coin_blur_03","x":114,"width":20,"y":502,"height":17},{"name":"coin_blur_04","x":191,"width":22,"y":922,"height":22},{"name":"coin_blur_08","x":43,"width":23,"y":869,"height":23},{"name":"coin_blur_09","x":516,"width":19,"y":492,"height":20},{"name":"coin_blur_10","x":174,"width":13,"y":376,"height":17},{"name":"coin_blur_11","x":913,"width":16,"y":425,"height":19},{"name":"coin_blur_12","x":114,"width":19,"y":482,"height":19},{"name":"coin_blur_13","x":174,"width":12,"y":394,"height":17},{"name":"captain_hand1_base","x":759,"width":17,"y":457,"height":24},{"name":"captain_hand2_base","x":773,"width":21,"y":921,"height":24},{"name":"jackpot_spakle","x":627,"width":24,"y":918,"height":24},{"name":"Bitmap 93","x":0,"width":26,"y":917,"height":20},{"name":"Bitmap 94","x":427,"width":26,"y":922,"height":15},{"name":"Bitmap 95","x":719,"width":26,"y":910,"height":20},{"name":"Bitmap 96","x":885,"width":25,"y":906,"height":25},{"name":"__dbTextures/captain_coin_flip/Calque 1_0","x":759,"width":17,"y":501,"height":12},{"name":"__dbTextures/captain_coin_flip/Calque 1_2","x":518,"width":6,"y":252,"height":4},{"name":"__dbTextures/captain_coin_flip/Calque 1_3","x":518,"width":6,"y":243,"height":8},{"name":"hookpirate_merge_sd","x":537,"width":107,"y":134,"height":130},{"name":"hook_forearm02_outline","x":286,"width":48,"y":747,"height":54},{"name":"hook_body_outline","x":921,"width":82,"y":658,"height":64},{"name":"hook_head_outline","x":532,"width":74,"y":580,"height":74},{"name":"hook_hand03_outline","x":246,"width":38,"y":740,"height":42},{"name":"hook_hand_outline","x":713,"width":50,"y":802,"height":48},{"name":"hook_hat_outline","x":104,"width":76,"y":679,"height":44},{"name":"hook_arm_outline","x":360,"width":44,"y":805,"height":48},{"name":"hook_forearm_outline","x":182,"width":62,"y":681,"height":56},{"name":"hook_arm02","x":885,"width":38,"y":518,"height":58},{"name":"hook_forearm02_base","x":248,"width":39,"y":649,"height":46},{"name":"hook_body_base","x":530,"width":74,"y":656,"height":55},{"name":"hook_head_base","x":182,"width":65,"y":614,"height":66},{"name":"hook_hand03_base","x":359,"width":29,"y":893,"height":33},{"name":"hook_hand03b_base","x":529,"width":29,"y":888,"height":33},{"name":"hook_hand_base","x":0,"width":42,"y":841,"height":39},{"name":"__dbTextures/_export/2/bsl03_reels_hookpirate-sd/hook_handshine_38","x":214,"width":22,"y":922,"height":22},{"name":"__dbTextures/_export/2/bsl03_reels_hookpirate-sd/hook_handshine_39","x":820,"width":22,"y":921,"height":22},{"name":"__dbTextures/_export/2/bsl03_reels_hookpirate-sd/hook_handshine_40","x":656,"width":17,"y":466,"height":21},{"name":"__dbTextures/_export/2/bsl03_reels_hookpirate-sd/hook_handshine_41","x":524,"width":22,"y":922,"height":21},{"name":"hook_hat_base","x":519,"width":67,"y":802,"height":35},{"name":"hook_light_base","x":299,"width":39,"y":458,"height":74},{"name":"hook_arm_base","x":711,"width":35,"y":852,"height":40},{"name":"hook_forearm_base","x":464,"width":54,"y":783,"height":47},{"name":"hook_spark01_base","x":285,"width":12,"y":424,"height":10},{"name":"hook_spark02_base","x":652,"width":22,"y":924,"height":15},{"name":"hook_spark03_base","x":693,"width":25,"y":910,"height":25},{"name":"hook_spark04_base","x":317,"width":28,"y":899,"height":30},{"name":"hook_spark05_base","x":397,"width":32,"y":885,"height":32},{"name":"hook_spark06_base","x":242,"width":35,"y":866,"height":33},{"name":"hook_spark07_base","x":203,"width":38,"y":864,"height":34},{"name":"hook_spark08_base","x":433,"width":32,"y":725,"height":37},{"name":"hook_spark09_base","x":997,"width":26,"y":789,"height":36},{"name":"pirette_merge_sd","x":792,"width":107,"y":252,"height":128},{"name":"pirette_forearm_outline","x":996,"width":26,"y":858,"height":34},{"name":"pirette_forearmwrist_outline","x":681,"width":28,"y":852,"height":36},{"name":"pirette_sword_outline","x":0,"width":112,"y":522,"height":62},{"name":"pirette_bandana02_outline","x":517,"width":16,"y":395,"height":34},{"name":"pirette_nairback_outline","x":245,"width":36,"y":784,"height":40},{"name":"pirette_body_outline","x":365,"width":70,"y":594,"height":68},{"name":"pirette_bandana01_outline","x":165,"width":24,"y":905,"height":28},{"name":"pirette_hair03_outline","x":114,"width":20,"y":404,"height":39},{"name":"pirette_head_outline","x":288,"width":46,"y":689,"height":56},{"name":"pirette_hair02_outline","x":30,"width":32,"y":893,"height":28},{"name":"pirette_arm01_outline","x":437,"width":28,"y":641,"height":42},{"name":"pirette_arm02","x":466,"width":60,"y":737,"height":44},{"name":"pirette_forearm_base","x":517,"width":18,"y":431,"height":26},{"name":"pirette_forearmwrist_base","x":353,"width":18,"y":427,"height":27},{"name":"pirette_sword_base","x":0,"width":103,"y":640,"height":53},{"name":"shine","x":900,"width":14,"y":368,"height":28},{"name":"pirette_bandana02_base","x":479,"width":8,"y":255,"height":26},{"name":"pirette_nairback_base","x":559,"width":27,"y":864,"height":32},{"name":"pirette_body_base","x":467,"width":61,"y":677,"height":59},{"name":"pirette_bandana01_base","x":913,"width":16,"y":446,"height":20},{"name":"pirette_hair03_base","x":661,"width":12,"y":297,"height":30},{"name":"pirette_head_base","x":736,"width":37,"y":611,"height":48},{"name":"pirette_mouth1_base","x":284,"width":12,"y":481,"height":2},{"name":"pirette_mouth3_base","x":777,"width":13,"y":468,"height":5},{"name":"pirette_mouth4_base","x":285,"width":13,"y":447,"height":7},{"name":"pirette_mouth2_base","x":339,"width":12,"y":476,"height":4},{"name":"pirette_eye1_base","x":339,"width":10,"y":467,"height":8},{"name":"pirette_eye2_base","x":339,"width":10,"y":458,"height":8},{"name":"pirette_eye4_base","x":641,"width":10,"y":480,"height":6},{"name":"pirette_eye3_base","x":777,"width":10,"y":474,"height":7},{"name":"pirette_hair02","x":795,"width":24,"y":921,"height":20},{"name":"pirette_headhair01_base","x":359,"width":10,"y":328,"height":30},{"name":"pirette_earring_base","x":479,"width":8,"y":330,"height":8},{"name":"pirette_arm01_base","x":516,"width":20,"y":458,"height":33},{"name":"skeleton_merge_sd","x":537,"width":104,"y":265,"height":123},{"name":"skeleton_bandana01_outline","x":1000,"width":22,"y":724,"height":32},{"name":"skeleton_ribcageback_outline","x":608,"width":54,"y":607,"height":64},{"name":"skeleton_arm_outline","x":587,"width":46,"y":836,"height":34},{"name":"skeleton_head_outline","x":283,"width":46,"y":803,"height":46},{"name":"skeleton_grogstream_outline","x":645,"width":14,"y":224,"height":90},{"name":"skeleton_ribcage_outline","x":605,"width":56,"y":673,"height":58},{"name":"skeleton_jaw_outline","x":465,"width":30,"y":894,"height":28},{"name":"skeleton_forearm01_outline","x":437,"width":28,"y":546,"height":52},{"name":"skeleton_hand_outline","x":621,"width":45,"y":544,"height":61},{"name":"skeleton_forearm02_outline","x":265,"width":28,"y":503,"height":52},{"name":"skeleton_splash01_outline","x":265,"width":17,"y":458,"height":24},{"name":"skeleton_splash03_outline","x":622,"width":17,"y":460,"height":24},{"name":"skeleton_splash05_outline","x":642,"width":14,"y":428,"height":19},{"name":"skeleton_splash19_outline","x":336,"width":26,"y":645,"height":38},{"name":"skeleton_splash21_outline","x":331,"width":26,"y":824,"height":36},{"name":"skeleton_splash23_outline","x":336,"width":22,"y":766,"height":28},{"name":"skeleton_splash25_outline","x":167,"width":18,"y":470,"height":22},{"name":"skeleton_hand02_outline","x":435,"width":30,"y":685,"height":38},{"name":"skeleton_bandana02_base","x":759,"width":16,"y":396,"height":32},{"name":"skeleton_bandana01_base","x":643,"width":14,"y":380,"height":23},{"name":"skeleton_ribcageback_base","x":290,"width":45,"y":633,"height":55},{"name":"skeleton_arm_base","x":278,"width":38,"y":884,"height":25},{"name":"skeleton_jawback_base","x":265,"width":18,"y":430,"height":26},{"name":"skeleton_head_base","x":359,"width":37,"y":855,"height":37},{"name":"skeleton_grogstream_base","x":525,"width":6,"y":119,"height":81},{"name":"skeleton_ribcage_base","x":871,"width":47,"y":763,"height":50},{"name":"skeleton_jaw_base","x":28,"width":22,"y":923,"height":20},{"name":"skeleton_forearm01_base","x":353,"width":19,"y":383,"height":43},{"name":"skeleton_hand_base","x":437,"width":33,"y":495,"height":50},{"name":"skeleton_forearm02_base","x":622,"width":18,"y":389,"height":43},{"name":"skeleton_splash01_base","x":587,"width":24,"y":921,"height":22},{"name":"skeleton_splash03_base","x":854,"width":29,"y":874,"height":36},{"name":"skeleton_splash05_base","x":327,"width":31,"y":862,"height":36},{"name":"skeleton_splash07_base","x":437,"width":33,"y":600,"height":40},{"name":"skeleton_splash09_base","x":890,"width":22,"y":451,"height":35},{"name":"skeleton_splash11_base","x":336,"width":26,"y":598,"height":46},{"name":"skeleton_splash13_base","x":339,"width":25,"y":545,"height":52},{"name":"skeleton_splash19_base","x":169,"width":17,"y":412,"height":29},{"name":"skeleton_splash21_base","x":169,"width":17,"y":442,"height":27},{"name":"skeleton_splash23_base","x":777,"width":14,"y":410,"height":20},{"name":"skeleton_splash25_base","x":779,"width":12,"y":377,"height":16},{"name":"skeleton_hand02_base","x":890,"width":22,"y":487,"height":30},{"name":"jackpot_merge_sd","x":0,"width":134,"y":302,"height":101},{"name":"jackpot_lidopen_outline","x":775,"width":104,"y":569,"height":66},{"name":"jackpot_treasure-inside_outline","x":774,"width":103,"y":637,"height":55},{"name":"jackpot_lidmid_base","x":921,"width":100,"y":602,"height":54},{"name":"jackpot_lidclosed_outline","x":883,"width":116,"y":1066,"height":48},{"name":"jackpot_text_outline","x":188,"width":124,"y":1034,"height":46},{"name":"jackpot_lidback_base","x":68,"width":98,"y":823,"height":40},{"name":"jackpot_box_base","x":612,"width":134,"y":943,"height":85},{"name":"jackpot_lidopen_base","x":925,"width":95,"y":543,"height":57},{"name":"jackpot_treasure-ground_base","x":647,"width":125,"y":1078,"height":30},{"name":"jackpot_treasure-inside_base","x":765,"width":94,"y":830,"height":40},{"name":"__dbTextures/_export/en/bsl03_reels_jackpot_en-sd/lidmid_10","x":772,"width":91,"y":784,"height":45},{"name":"jackpot_lidclosed_base","x":413,"width":107,"y":943,"height":39},{"name":"jackpot_text_base","x":122,"width":115,"y":1082,"height":38},{"name":"jackpot_text-J_base","x":997,"width":25,"y":826,"height":31},{"name":"jackpot_text-A_base","x":759,"width":17,"y":482,"height":18},{"name":"jackpot_text-C_base","x":641,"width":14,"y":449,"height":17},{"name":"jackpot_text-K_base","x":622,"width":18,"y":433,"height":26},{"name":"jackpot_text-P_base","x":658,"width":15,"y":379,"height":28},{"name":"jackpot_text-O_base","x":285,"width":13,"y":383,"height":15},{"name":"jackpot_text-T_base","x":779,"width":10,"y":355,"height":21},{"name":"reelitem_jackpot_lightblast","x":0,"width":186,"y":0,"height":198},{"name":"groslot_merge_sd","x":0,"width":134,"y":200,"height":101},{"name":"jackpot_text_vf_outline","x":883,"width":128,"y":1018,"height":46},{"name":"__dbTextures/_export/fr/bsl03_reels_jackpot_fr-sd/lidmid_10","x":79,"width":91,"y":777,"height":45},{"name":"jackpot_text_vf_darkoutline","x":314,"width":120,"y":1067,"height":38},{"name":"jackpot_text_vf-G_base","x":885,"width":28,"y":874,"height":31},{"name":"jackpot_text_vf-R_base","x":658,"width":15,"y":430,"height":17},{"name":"jackpot_text_vf-O1_base","x":658,"width":15,"y":448,"height":17},{"name":"jackpot_text_vf-S_base","x":284,"width":13,"y":463,"height":17},{"name":"jackpot_text_vf-L_base","x":336,"width":23,"y":796,"height":27},{"name":"jackpot_text_vf-O2_base","x":779,"width":12,"y":394,"height":15},{"name":"jackpot_text_vf-T_base","x":479,"width":9,"y":282,"height":21}],"imagePath":"texture.png"}