{"armature":[{"animation":[{"name":"stand","fadeInTime":0.25,"scale":4.29,"timeline":[{"name":"tailTip","scale":1,"frame":[{"transform":{"pX":0,"x":169.9,"skX":30,"y":-106.15,"skY":30,"scX":1,"pY":0,"scY":1},"z":0,"duration":2},{"transform":{"pX":0.05,"x":174.9,"skX":22.31,"y":-97.15,"skY":22.31,"scX":1,"pY":-0.05,"scY":1},"z":0,"duration":3},{"transform":{"pX":0,"x":169.9,"skX":30,"y":-106.15,"skY":30,"scX":1,"pY":0,"scY":1},"z":0,"duration":2}],"offset":0},{"name":"armUpperL","scale":1,"frame":[{"transform":{"pX":0,"x":-43.95,"skX":-60,"y":-159.15,"skY":-60,"scX":1,"pY":0,"scY":1},"z":1,"duration":7}],"offset":0},{"name":"armL","scale":1,"frame":[{"transform":{"pX":0,"x":-44.05,"skX":-142.73,"y":-125.75,"skY":-142.73,"scX":1,"pY":0,"scY":1},"z":2,"duration":7}],"offset":0},{"name":"handL","scale":1,"frame":[{"transform":{"pX":0,"x":-60,"skX":-90,"y":-96.5,"skY":-90,"scX":1,"pY":0,"scY":1},"z":3,"duration":7}],"offset":0},{"name":"legL","scale":1,"frame":[{"transform":{"pX":0,"x":-21.05,"skX":-36.21,"y":-88.1,"skY":-36.21,"scX":1,"pY":0,"scY":1},"z":4,"duration":7}],"offset":0},{"name":"body","scale":1,"frame":[{"transform":{"pX":0,"x":5.9,"skX":0,"y":-126.1,"skY":0,"scX":1,"pY":0,"scY":1},"z":5,"duration":2},{"transform":{"pX":0,"x":5.9,"skX":0,"y":-126.1,"skY":0,"scX":1,"pY":0,"scY":1},"z":5,"duration":3},{"transform":{"pX":0,"x":5.9,"skX":0,"y":-126.1,"skY":0,"scX":1,"pY":0,"scY":1},"z":5,"duration":2}],"offset":0},{"name":"hair","scale":1,"frame":[{"transform":{"pX":0,"x":44.4,"skX":0,"y":-252.1,"skY":0,"scX":1,"pY":0,"scY":1},"z":6,"duration":3},{"transform":{"pX":0,"x":45.4,"skX":0,"y":-254.1,"skY":0,"scX":1,"pY":0,"scY":1},"z":6,"duration":2},{"transform":{"pX":0,"x":44.4,"skX":0,"y":-252.1,"skY":0,"scX":1,"pY":0,"scY":1},"z":6,"duration":2}],"offset":0},{"name":"head","scale":1,"frame":[{"transform":{"pX":0,"x":-4.05,"skX":0,"y":-207.1,"skY":0,"scX":1,"pY":0,"scY":1},"z":7,"duration":7}],"offset":0},{"name":"eyeL","scale":1,"frame":[{"transform":{"pX":0,"x":-42.85,"skX":0,"y":-281.45,"skY":0,"scX":1,"pY":0,"scY":1},"z":8,"duration":2},{"transform":{"pX":0,"x":-42.85,"skX":0,"y":-283.45,"skY":0,"scX":1,"pY":0,"scY":1},"z":8,"duration":3},{"transform":{"pX":0,"x":-42.85,"skX":0,"y":-281.45,"skY":0,"scX":1,"pY":0,"scY":1},"z":8,"duration":2}],"offset":0},{"name":"eyeR","scale":1,"frame":[{"transform":{"pX":0,"x":4.1,"skX":0,"y":-263.6,"skY":0,"scX":1,"pY":0,"scY":1},"z":9,"duration":2},{"transform":{"pX":0,"x":4.1,"skX":0,"y":-264.6,"skY":0,"scX":1,"pY":0,"scY":1},"z":9,"duration":3},{"transform":{"pX":0,"x":4.1,"skX":0,"y":-263.6,"skY":0,"scX":1,"pY":0,"scY":1},"z":9,"duration":2}],"offset":0},{"name":"tail","scale":1,"frame":[{"transform":{"pX":0,"x":45.9,"skX":30,"y":-70.8,"skY":30,"scX":1,"pY":0,"scY":1},"z":10,"duration":2},{"transform":{"pX":-0.05,"x":43.9,"skX":34.95,"y":-70.8,"skY":34.95,"scX":1,"pY":0,"scY":1},"z":10,"duration":3},{"transform":{"pX":0,"x":45.9,"skX":30,"y":-70.8,"skY":30,"scX":1,"pY":0,"scY":1},"z":10,"duration":2}],"offset":0},{"name":"legR","scale":1,"frame":[{"transform":{"pX":0,"x":33.4,"skX":15,"y":-80.5,"skY":15,"scX":1,"pY":0,"scY":1},"z":11,"duration":7}],"offset":0},{"name":"armUpperR","scale":1,"frame":[{"transform":{"pX":0,"x":18.05,"skX":78.95,"y":-167.6,"skY":78.95,"scX":1,"pY":0,"scY":1},"z":12,"duration":7}],"offset":0},{"name":"armR","scale":1,"frame":[{"transform":{"pX":0,"x":47.1,"skX":15,"y":-104.6,"skY":15,"scX":1,"pY":0,"scY":1},"z":13,"duration":7}],"offset":0},{"name":"handR","scale":1,"frame":[{"transform":{"pX":0,"x":42.7,"skX":30,"y":-83.35,"skY":30,"scX":1,"pY":0,"scY":1},"z":14,"duration":7}],"offset":0},{"name":"beardL","scale":2,"frame":[{"transform":{"pX":0,"x":-14,"skX":0,"y":-217.35,"skY":0,"scX":1,"pY":0,"scY":1},"z":15,"duration":2},{"transform":{"pX":55.95,"x":-70.1,"skX":-6.47,"y":-221.8,"skY":-6.47,"scX":1,"pY":4.75,"scY":1},"z":15,"duration":3},{"transform":{"pX":0,"x":-14,"skX":0,"y":-217.35,"skY":0,"scX":1,"pY":0,"scY":1},"z":15,"duration":2}],"offset":0.7},{"name":"beardR","scale":2,"frame":[{"transform":{"pX":0,"x":-19.8,"skX":0,"y":-221.55,"skY":0,"scX":1,"pY":0,"scY":1},"z":16,"duration":2},{"transform":{"pX":0,"x":-19.8,"skX":5.44,"y":-221.55,"skY":5.44,"scX":1,"pY":-0.05,"scY":1},"z":16,"duration":3},{"transform":{"pX":0,"x":-19.8,"skX":0,"y":-221.55,"skY":0,"scX":1,"pY":0,"scY":1},"z":16,"duration":2}],"offset":0.7}],"loop":0,"tweenEasing":0,"autoTween":1,"duration":7},{"name":"walk","fadeInTime":0.20833333333333337,"scale":2.5,"timeline":[{"name":"tailTip","scale":1.5,"frame":[{"transform":{"pX":0,"x":169.9,"skX":30,"y":-106.15,"skY":30,"scX":1,"pY":0,"scY":1},"z":0,"duration":4},{"transform":{"pX":0.1,"x":153.9,"skX":39.23,"y":-124.35,"skY":39.23,"scX":1,"pY":-0.1,"scY":1},"z":0,"duration":4}],"offset":0},{"name":"armUpperL","scale":1,"frame":[{"transform":{"pX":0,"x":-43.95,"skX":-81.2,"y":-159.15,"skY":-81.2,"scX":1,"pY":0,"scY":1},"z":1,"duration":4},{"transform":{"pX":0,"x":-43.95,"skX":-30,"y":-159.15,"skY":-30,"scX":1,"pY":0,"scY":1},"z":1,"duration":4}],"offset":0},{"name":"armL","scale":1,"frame":[{"transform":{"pX":0.1,"x":-34.05,"skX":157.27,"y":-121.7,"skY":157.27,"scX":1,"pY":0.05,"scY":1},"z":2,"duration":4},{"transform":{"pX":0,"x":-64.05,"skX":-74.18,"y":-126.75,"skY":-74.18,"scX":1,"pY":0.1,"scY":1},"z":2,"duration":4}],"offset":0},{"name":"handL","scale":1,"frame":[{"transform":{"pX":0.05,"x":-16.1,"skX":-135,"y":-94,"skY":-135,"scX":1,"pY":0,"scY":1},"z":3,"duration":4},{"transform":{"pX":0.05,"x":-95.85,"skX":-15,"y":-129.1,"skY":-15,"scX":1,"pY":-0.05,"scY":1},"z":3,"duration":4}],"offset":0},{"name":"legL","scale":1,"frame":[{"transform":{"pX":-0.05,"x":-9,"skX":13.46,"y":-73.1,"skY":13.46,"scX":1,"pY":0.05,"scY":1},"z":4,"duration":4},{"transform":{"pX":-0.1,"x":-3.95,"skX":-55.44,"y":-91.1,"skY":-55.44,"scX":1,"pY":-0.05,"scY":1},"z":4,"duration":4}],"offset":0},{"name":"body","scale":1,"frame":[{"transform":{"pX":0,"x":5.9,"skX":0,"y":-128.1,"skY":0,"scX":1,"pY":0,"scY":1},"z":5,"duration":4},{"transform":{"pX":0,"x":5.9,"skX":0,"y":-127.1,"skY":0,"scX":1,"pY":0,"scY":1},"z":5,"duration":4}],"offset":0},{"name":"hair","scale":1,"frame":[{"transform":{"pX":0,"x":44.4,"skX":0,"y":-252.1,"skY":0,"scX":1,"pY":0,"scY":1},"z":6,"duration":4},{"transform":{"pX":0,"x":47.4,"skX":0,"y":-253.1,"skY":0,"scX":1,"pY":0,"scY":1},"z":6,"duration":4}],"offset":0},{"name":"head","scale":1,"frame":[{"transform":{"pX":0,"x":-4.05,"skX":0,"y":-207.1,"skY":0,"scX":1,"pY":0,"scY":1},"z":7,"duration":4},{"transform":{"pX":0,"x":-4.05,"skX":2.95,"y":-207.1,"skY":2.95,"scX":1,"pY":0,"scY":1},"z":7,"duration":4}],"offset":0},{"name":"eyeL","scale":1,"frame":[{"transform":{"pX":0,"x":-42.85,"skX":0,"y":-281.45,"skY":0,"scX":1,"pY":0,"scY":1},"z":8,"duration":4},{"transform":{"pX":0,"x":-42.85,"skX":0,"y":-281.45,"skY":0,"scX":1,"pY":0,"scY":1},"z":8,"duration":4}],"offset":0},{"name":"eyeR","scale":1,"frame":[{"transform":{"pX":0,"x":4.95,"skX":0,"y":-263.35,"skY":0,"scX":1,"pY":0,"scY":1},"z":9,"duration":4},{"transform":{"pX":0,"x":4.95,"skX":0,"y":-263.35,"skY":0,"scX":1,"pY":0,"scY":1},"z":9,"duration":4}],"offset":0},{"name":"tail","scale":1.1,"frame":[{"transform":{"pX":0,"x":41.9,"skX":30,"y":-72.8,"skY":30,"scX":1,"pY":0.05,"scY":1},"z":10,"duration":4},{"transform":{"pX":-0.05,"x":39.9,"skX":21.29,"y":-74.8,"skY":21.29,"scX":1,"pY":0,"scY":1},"z":10,"duration":4}],"offset":0},{"name":"legR","scale":1,"frame":[{"transform":{"pX":0,"x":30.4,"skX":-15,"y":-89.5,"skY":-15,"scX":1,"pY":-0.05,"scY":1},"z":11,"duration":4},{"transform":{"pX":0,"x":31.45,"skX":45,"y":-82.5,"skY":45,"scX":1,"pY":0,"scY":1},"z":11,"duration":4}],"offset":0},{"name":"armUpperR","scale":1,"frame":[{"transform":{"pX":0,"x":15.05,"skX":124.45,"y":-162.6,"skY":124.45,"scX":1,"pY":0,"scY":1},"z":12,"duration":4},{"transform":{"pX":0,"x":18.05,"skX":56.8,"y":-167.6,"skY":56.8,"scX":1,"pY":0,"scY":1},"z":12,"duration":4}],"offset":0},{"name":"armR","scale":1,"frame":[{"transform":{"pX":0.1,"x":-12.9,"skX":82.22,"y":-101.6,"skY":82.22,"scX":1,"pY":-0.05,"scY":1},"z":13,"duration":4},{"transform":{"pX":0.1,"x":67.9,"skX":-22.78,"y":-121.4,"skY":-22.78,"scX":1,"pY":-0.05,"scY":1},"z":13,"duration":4}],"offset":0},{"name":"handR","scale":1,"frame":[{"transform":{"pX":0.05,"x":-36.3,"skX":51.74,"y":-105.35,"skY":51.74,"scX":1,"pY":-0.1,"scY":1},"z":14,"duration":4},{"transform":{"pX":0.05,"x":78.55,"skX":-8.26,"y":-101.2,"skY":-8.26,"scX":1,"pY":-0.15,"scY":1},"z":14,"duration":4}],"offset":0},{"name":"beardL","scale":1,"frame":[{"transform":{"pX":0,"x":-14,"skX":0,"y":-217.35,"skY":0,"scX":1,"pY":0,"scY":1},"z":15,"duration":4},{"transform":{"pX":55.95,"x":-68.95,"skX":8.99,"y":-225.1,"skY":8.99,"scX":1,"pY":4.75,"scY":1},"z":15,"duration":4}],"offset":0},{"name":"beardR","scale":1,"frame":[{"transform":{"pX":0,"x":-19.8,"skX":0,"y":-221.55,"skY":0,"scX":1,"pY":0,"scY":1},"z":16,"duration":4},{"transform":{"pX":0.1,"x":-19.8,"skX":-7.5,"y":-221.55,"skY":-7.5,"scX":1,"pY":-0.05,"scY":1},"z":16,"duration":4}],"offset":0}],"loop":0,"tweenEasing":0,"autoTween":1,"duration":8},{"name":"jump","fadeInTime":0.125,"scale":1,"timeline":[{"name":"tailTip","scale":1,"frame":[{"transform":{"pX":0.05,"x":156.9,"skX":62.68,"y":-75.35,"skY":62.68,"scX":1,"pY":-0.1,"scY":1},"z":0,"duration":2},{"transform":{"pX":0.1,"x":157.85,"skX":71.67,"y":-71.35,"skY":71.67,"scX":1,"pY":-0.15,"scY":1},"z":0,"duration":3}],"offset":0},{"name":"armUpperL","scale":1,"frame":[{"transform":{"pX":0,"x":-43.95,"skX":-45,"y":-190.15,"skY":-45,"scX":1,"pY":0,"scY":1},"z":1,"duration":2},{"transform":{"pX":0,"x":-43.95,"skX":-45,"y":-189.15,"skY":-45,"scX":1,"pY":0,"scY":1},"z":1,"duration":3}],"offset":0},{"name":"armL","scale":1,"frame":[{"transform":{"pX":0,"x":-52,"skX":-119.18,"y":-156.8,"skY":-119.18,"scX":1,"pY":0.1,"scY":1},"z":2,"duration":5}],"offset":0},{"name":"handL","scale":1,"frame":[{"transform":{"pX":0.05,"x":-73.9,"skX":-75,"y":-137.75,"skY":-75,"scX":1,"pY":0,"scY":1},"z":3,"duration":5}],"offset":0},{"name":"legL","scale":1,"frame":[{"transform":{"pX":0,"x":12.25,"skX":-45.47,"y":-118.05,"skY":-45.47,"scX":1,"pY":0,"scY":1},"z":4,"duration":2},{"transform":{"pX":0,"x":12.25,"skX":-45.47,"y":-117.05,"skY":-45.47,"scX":1,"pY":0,"scY":1},"z":4,"duration":3}],"offset":0},{"name":"body","scale":1,"frame":[{"transform":{"pX":0,"x":5.9,"skX":0,"y":-159.1,"skY":0,"scX":1,"pY":0,"scY":1},"z":5,"duration":5}],"offset":0},{"name":"hair","scale":1,"frame":[{"transform":{"pX":0,"x":53.4,"skX":0,"y":-278.1,"skY":0,"scX":1,"pY":0,"scY":1},"z":6,"duration":2},{"transform":{"pX":0,"x":55.4,"skX":0,"y":-276.1,"skY":0,"scX":1,"pY":0,"scY":1},"z":6,"duration":3}],"offset":0},{"name":"head","scale":1,"frame":[{"transform":{"pX":0,"x":-2.25,"skX":10,"y":-239.15,"skY":10,"scX":1,"pY":0,"scY":1},"z":7,"duration":5}],"offset":0},{"name":"eyeL","scale":1,"frame":[{"transform":{"pX":0,"x":-32.85,"skX":0,"y":-325.45,"skY":0,"scX":1,"pY":0,"scY":1},"z":8,"duration":2},{"transform":{"pX":0,"x":-32.35,"skX":0,"y":-325.95,"skY":0,"scX":1,"pY":0,"scY":1},"z":8,"duration":3}],"offset":0},{"name":"eyeR","scale":1,"frame":[{"transform":{"pX":0,"x":14.95,"skX":0,"y":-300.35,"skY":0,"scX":1,"pY":0,"scY":1},"z":9,"duration":2},{"transform":{"pX":0,"x":15.95,"skX":0,"y":-301.35,"skY":0,"scX":1,"pY":0,"scY":1},"z":9,"duration":3}],"offset":0},{"name":"tail","scale":1,"frame":[{"transform":{"pX":0,"x":33.9,"skX":59.79,"y":-108.8,"skY":59.79,"scX":1,"pY":-0.1,"scY":1},"z":10,"duration":2},{"transform":{"pX":0,"x":33.9,"skX":62.76,"y":-108.8,"skY":62.76,"scX":1,"pY":-0.1,"scY":1},"z":10,"duration":3}],"offset":0},{"name":"legR","scale":1,"frame":[{"transform":{"pX":0,"x":41.45,"skX":-12.69,"y":-107.5,"skY":-12.69,"scX":1,"pY":0.05,"scY":1},"z":11,"duration":2},{"transform":{"pX":0,"x":41.45,"skX":-12.69,"y":-106.5,"skY":-12.69,"scX":1,"pY":0.05,"scY":1},"z":11,"duration":3}],"offset":0},{"name":"armUpperR","scale":1,"frame":[{"transform":{"pX":0,"x":18.05,"skX":54.3,"y":-195.6,"skY":54.3,"scX":1,"pY":0,"scY":1},"z":12,"duration":2},{"transform":{"pX":0,"x":18.05,"skX":54.3,"y":-194.6,"skY":54.3,"scX":1,"pY":0,"scY":1},"z":12,"duration":3}],"offset":0},{"name":"armR","scale":1,"frame":[{"transform":{"pX":0.1,"x":67.9,"skX":-22.78,"y":-153.4,"skY":-22.78,"scX":1,"pY":-0.05,"scY":1},"z":13,"duration":5}],"offset":0},{"name":"handR","scale":1,"frame":[{"transform":{"pX":0,"x":78.55,"skX":-8.26,"y":-133.2,"skY":-8.26,"scX":1,"pY":-0.2,"scY":1},"z":14,"duration":5}],"offset":0},{"name":"beardL","scale":1,"frame":[{"transform":{"pX":55.95,"x":-63.8,"skX":-40.29,"y":-263.7,"skY":-40.29,"scX":1,"pY":4.75,"scY":1},"z":15,"duration":2},{"transform":{"pX":55.95,"x":-63.8,"skX":-46.79,"y":-263.7,"skY":-46.79,"scX":1,"pY":4.75,"scY":1},"z":15,"duration":3}],"offset":0},{"name":"beardR","scale":1,"frame":[{"transform":{"pX":0.1,"x":-19.85,"skX":52.5,"y":-253.5,"skY":52.5,"scX":1,"pY":-0.05,"scY":1},"z":16,"duration":2},{"transform":{"pX":0.05,"x":-19.8,"skX":60.23,"y":-253.45,"skY":60.23,"scX":1,"pY":-0.05,"scY":1},"z":16,"duration":3}],"offset":0}],"loop":0,"tweenEasing":null,"autoTween":1,"duration":5},{"name":"fall","fadeInTime":0.25,"scale":1,"timeline":[{"name":"tailTip","scale":1,"frame":[{"transform":{"pX":0.1,"x":151.85,"skX":11.67,"y":-179.95,"skY":11.67,"scX":1,"pY":-0.2,"scY":1},"z":0,"duration":2},{"transform":{"pX":0.05,"x":145.85,"skX":6.73,"y":-185.85,"skY":6.73,"scX":1,"pY":-0.25,"scY":1},"z":0,"duration":3}],"offset":0},{"name":"armUpperL","scale":1,"frame":[{"transform":{"pX":0,"x":-43.95,"skX":32.45,"y":-190.15,"skY":32.45,"scX":1,"pY":0,"scY":1},"z":1,"duration":2},{"transform":{"pX":0,"x":-43.95,"skX":32.45,"y":-191.15,"skY":32.45,"scX":1,"pY":0,"scY":1},"z":1,"duration":3}],"offset":0},{"name":"armL","scale":1,"frame":[{"transform":{"pX":0,"x":-74.55,"skX":-104.18,"y":-193,"skY":-104.18,"scX":1,"pY":0.1,"scY":1},"z":2,"duration":5}],"offset":0},{"name":"handL","scale":1,"frame":[{"transform":{"pX":0,"x":-104.1,"skX":-30,"y":-178.5,"skY":-30,"scX":1,"pY":0.05,"scY":1},"z":3,"duration":5}],"offset":0},{"name":"legL","scale":1,"frame":[{"transform":{"pX":0.1,"x":-9.75,"skX":14.52,"y":-117.15,"skY":14.52,"scX":1,"pY":0,"scY":1},"z":4,"duration":2},{"transform":{"pX":0.1,"x":-9.75,"skX":14.52,"y":-118.15,"skY":14.52,"scX":1,"pY":0.05,"scY":1},"z":4,"duration":3}],"offset":0},{"name":"body","scale":1,"frame":[{"transform":{"pX":0,"x":5.9,"skX":0,"y":-159.1,"skY":0,"scX":1,"pY":0,"scY":1},"z":5,"duration":5}],"offset":0},{"name":"hair","scale":1,"frame":[{"transform":{"pX":0.05,"x":43.35,"skX":-15,"y":-290.1,"skY":-15,"scX":1,"pY":0,"scY":1},"z":6,"duration":2},{"transform":{"pX":0,"x":39.4,"skX":-15.82,"y":-293.05,"skY":-15.82,"scX":1,"pY":0,"scY":1},"z":6,"duration":3}],"offset":0},{"name":"head","scale":1,"frame":[{"transform":{"pX":0,"x":1.45,"skX":-8.73,"y":-241.8,"skY":-8.73,"scX":1,"pY":0,"scY":1},"z":7,"duration":5}],"offset":0},{"name":"eyeL","scale":1,"frame":[{"transform":{"pX":0,"x":-49.35,"skX":0,"y":-301.95,"skY":0,"scX":1,"pY":0,"scY":1},"z":8,"duration":2},{"transform":{"pX":0,"x":-49.35,"skX":0,"y":-300.95,"skY":0,"scX":1,"pY":0,"scY":1},"z":8,"duration":3}],"offset":0},{"name":"eyeR","scale":1,"frame":[{"transform":{"pX":9.1,"x":-13.15,"skX":0,"y":-304.75,"skY":0,"scX":1,"pY":14.4,"scY":1},"z":9,"duration":2},{"transform":{"pX":9.1,"x":-13.15,"skX":0,"y":-303.75,"skY":0,"scX":1,"pY":14.4,"scY":1},"z":9,"duration":3}],"offset":0},{"name":"tail","scale":1,"frame":[{"transform":{"pX":0,"x":43.95,"skX":11.53,"y":-106.85,"skY":11.53,"scX":1,"pY":0.05,"scY":1},"z":10,"duration":2},{"transform":{"pX":0,"x":43.95,"skX":7.56,"y":-106.85,"skY":7.56,"scX":1,"pY":0,"scY":1},"z":10,"duration":3}],"offset":0},{"name":"legR","scale":1,"frame":[{"transform":{"pX":0,"x":42.45,"skX":42.76,"y":-108.5,"skY":42.76,"scX":1,"pY":0,"scY":1},"z":11,"duration":2},{"transform":{"pX":0.05,"x":42.45,"skX":42.76,"y":-109.5,"skY":42.76,"scX":1,"pY":0,"scY":1},"z":11,"duration":3}],"offset":0},{"name":"armUpperR","scale":1,"frame":[{"transform":{"pX":0,"x":18.05,"skX":9.3,"y":-195.6,"skY":9.3,"scX":1,"pY":0,"scY":1},"z":12,"duration":2},{"transform":{"pX":0,"x":18.05,"skX":9.3,"y":-196.6,"skY":9.3,"scX":1,"pY":0,"scY":1},"z":12,"duration":3}],"offset":0},{"name":"armR","scale":1,"frame":[{"transform":{"pX":0.1,"x":81.95,"skX":-67.78,"y":-203.4,"skY":-67.78,"scX":1,"pY":-0.1,"scY":1},"z":13,"duration":5}],"offset":0},{"name":"handR","scale":1,"frame":[{"transform":{"pX":0,"x":101.1,"skX":-23.26,"y":-194.8,"skY":-23.26,"scX":1,"pY":-0.2,"scY":1},"z":14,"duration":5}],"offset":0},{"name":"beardL","scale":1,"frame":[{"transform":{"pX":55.95,"x":-64.85,"skX":-11.27,"y":-246.25,"skY":-11.27,"scX":1,"pY":4.75,"scY":1},"z":15,"duration":2},{"transform":{"pX":55.95,"x":-64.85,"skX":-2.57,"y":-246.25,"skY":-2.57,"scX":1,"pY":4.75,"scY":1},"z":15,"duration":3}],"offset":0},{"name":"beardR","scale":1,"frame":[{"transform":{"pX":0.05,"x":-19.8,"skX":0.23,"y":-250.5,"skY":0.23,"scX":1,"pY":0,"scY":1},"z":16,"duration":2},{"transform":{"pX":0.15,"x":-19.8,"skX":-14.77,"y":-250.5,"skY":-14.77,"scX":1,"pY":0.05,"scY":1},"z":16,"duration":3}],"offset":0}],"loop":0,"tweenEasing":null,"autoTween":1,"duration":5}],"name":"Dragon","bone":[{"transform":{"skY":30,"x":169.9,"scX":1,"skX":30,"y":-106.15,"scY":1},"name":"tailTip","parent":"tail"},{"transform":{"skY":-60,"x":-43.95,"scX":1,"skX":-60,"y":-159.15,"scY":1},"name":"armUpperL","parent":"body"},{"transform":{"skY":-142.73,"x":-44.05,"scX":1,"skX":-142.73,"y":-125.75,"scY":1},"name":"armL","parent":"armUpperL"},{"transform":{"skY":-90,"x":-60,"scX":1,"skX":-90,"y":-96.5,"scY":1},"name":"handL","parent":"armL"},{"transform":{"skY":-36.21,"x":-21.05,"scX":1,"skX":-36.21,"y":-88.1,"scY":1},"name":"legL","parent":"body"},{"transform":{"skY":0,"x":5.9,"scX":1,"skX":0,"y":-126.1,"scY":1},"name":"body"},{"transform":{"skY":0,"x":44.4,"scX":1,"skX":0,"y":-252.1,"scY":1},"name":"hair","parent":"head"},{"transform":{"skY":0,"x":-4.05,"scX":1,"skX":0,"y":-207.1,"scY":1},"name":"head","parent":"body"},{"transform":{"skY":0,"x":-42.85,"scX":1,"skX":0,"y":-281.45,"scY":1},"name":"eyeL","parent":"head"},{"transform":{"skY":0,"x":4.1,"scX":1,"skX":0,"y":-263.6,"scY":1},"name":"eyeR","parent":"head"},{"transform":{"skY":30,"x":45.9,"scX":1,"skX":30,"y":-70.8,"scY":1},"name":"tail","parent":"body"},{"transform":{"skY":15,"x":33.4,"scX":1,"skX":15,"y":-80.5,"scY":1},"name":"legR","parent":"body"},{"transform":{"skY":78.95,"x":18.05,"scX":1,"skX":78.95,"y":-167.6,"scY":1},"name":"armUpperR","parent":"body"},{"transform":{"skY":15,"x":47.1,"scX":1,"skX":15,"y":-104.6,"scY":1},"name":"armR","parent":"armUpperR"},{"transform":{"skY":30,"x":42.7,"scX":1,"skX":30,"y":-83.35,"scY":1},"name":"handR","parent":"armR"},{"transform":{"skY":0,"x":-14,"scX":1,"skX":0,"y":-217.35,"scY":1},"name":"beardL","parent":"head"},{"transform":{"skY":0,"x":-19.8,"scX":1,"skX":0,"y":-221.55,"scY":1},"name":"beardR","parent":"head"}],"skin":[{"name":"default","slot":[{"name":"tailTip","z":0,"display":[{"transform":{"pX":0,"x":-23.25,"skX":0,"y":-93.05,"skY":0,"scX":1,"pY":0,"scY":1},"name":"parts/tailTip","type":"image"}],"parent":"tailTip"},{"name":"armUpperL","z":1,"display":[{"transform":{"pX":41,"x":0,"skX":0,"y":0,"skY":0,"scX":1,"pY":16,"scY":1},"name":"parts/armUpperL","type":"image"}],"parent":"armUpperL"},{"name":"armL","z":2,"display":[{"transform":{"pX":0,"x":-15.35,"skX":0,"y":-33,"skY":0,"scX":1,"pY":0,"scY":1},"name":"parts/armL","type":"image"}],"parent":"armL"},{"name":"handL","z":3,"display":[{"transform":{"pX":0,"x":-38.9,"skX":0,"y":-28.45,"skY":0,"scX":1,"pY":0,"scY":1},"name":"parts/handL","type":"image"}],"parent":"handL"},{"name":"legL","z":4,"display":[{"transform":{"pX":0,"x":-91.6,"skX":0,"y":-14.7,"skY":0,"scX":1,"pY":0,"scY":1},"name":"parts/legL","type":"image"}],"parent":"legL"},{"name":"body","z":5,"display":[{"transform":{"pX":0,"x":-58.65,"skX":0,"y":-86.55,"skY":0,"scX":1,"pY":0,"scY":1},"name":"parts/body","type":"image"}],"parent":"body"},{"name":"hair","z":6,"display":[{"transform":{"pX":0,"x":-31,"skX":0,"y":-70.3,"skY":0,"scX":1,"pY":0,"scY":1},"name":"parts/hair","type":"image"}],"parent":"hair"},{"name":"head","z":7,"display":[{"transform":{"pX":79.5,"x":0,"skX":0,"y":0,"skY":0,"scX":1,"pY":160,"scY":1},"name":"parts/head","type":"image"}],"parent":"head"},{"name":"eyeL","z":8,"display":[{"transform":{"pX":0,"x":-6.85,"skX":0,"y":-11.3,"skY":0,"scX":1,"pY":0,"scY":1},"name":"parts/eyeL","type":"image"}],"parent":"eyeL"},{"name":"eyeR","z":9,"display":[{"transform":{"pX":8,"x":-9.1,"skX":0,"y":-14.4,"skY":0,"scX":1,"pY":15,"scY":1},"name":"parts/eyeR","type":"image"}],"parent":"eyeR"},{"name":"tail","z":10,"display":[{"transform":{"pX":0,"x":-11.5,"skX":0,"y":-176.35,"skY":0,"scX":1,"pY":-63.8,"scY":1},"name":"parts/tail","type":"image"}],"parent":"tail"},{"name":"legR","z":11,"display":[{"transform":{"pX":0,"x":-44.9,"skX":0,"y":-16.6,"skY":0,"scX":1,"pY":0,"scY":1},"name":"parts/legR","type":"image"}],"parent":"legR"},{"name":"armUpperR","z":12,"display":[{"transform":{"pX":12,"x":0,"skX":0,"y":0,"skY":0,"scX":1,"pY":28,"scY":1},"name":"parts/armUpperR","type":"image"}],"parent":"armUpperR"},{"name":"armR","z":13,"display":[{"transform":{"pX":0,"x":-12.3,"skX":0,"y":-12.3,"skY":0,"scX":1,"pY":0,"scY":1},"name":"parts/armR","type":"image"}],"parent":"armR"},{"name":"handR","z":14,"display":[{"transform":{"pX":0,"x":-26.65,"skX":0,"y":-2.9,"skY":0,"scX":1,"pY":0,"scY":1},"name":"parts/handR","type":"image"}],"parent":"handR"},{"name":"beardL","z":15,"display":[{"transform":{"pX":54,"x":-55.95,"skX":0,"y":-4.75,"skY":0,"scX":1,"pY":4,"scY":1},"name":"parts/beardL","type":"image"}],"parent":"beardL"},{"name":"beardR","z":16,"display":[{"transform":{"pX":0,"x":-3.2,"skX":0,"y":-8.9,"skY":0,"scX":1,"pY":0,"scY":1},"name":"parts/beardR","type":"image"}],"parent":"beardR"}]}]}],"name":"DragonBones_Tutorial_MultiBehavior","frameRate":24,"version":2.3}