{"SubTexture":[{"name":"parts/tailTip","x":170,"width":56,"y":175,"height":105},{"name":"parts/armUpperL","x":227,"width":56,"y":175,"height":43},{"name":"parts/armL","x":462,"width":24,"y":187,"height":40},{"name":"parts/handL","x":462,"width":48,"y":117,"height":39},{"name":"parts/legL","x":289,"width":102,"y":140,"height":90},{"name":"parts/body","x":170,"width":118,"y":0,"height":174},{"name":"parts/hair","x":398,"width":62,"y":117,"height":141},{"name":"parts/head","x":0,"width":169,"y":0,"height":197},{"name":"parts/eyeL","x":489,"width":14,"y":30,"height":23},{"name":"parts/eyeR","x":489,"width":19,"y":0,"height":29},{"name":"parts/tail","x":289,"width":108,"y":0,"height":139},{"name":"parts/legR","x":398,"width":90,"y":0,"height":116},{"name":"parts/armUpperR","x":0,"width":80,"y":198,"height":47},{"name":"parts/armR","x":487,"width":23,"y":187,"height":39},{"name":"parts/handR","x":462,"width":49,"y":157,"height":29},{"name":"parts/beardL","x":81,"width":60,"y":217,"height":18},{"name":"parts/beardR","x":81,"width":68,"y":198,"height":18}],"name":"DragonBones_Tutorial_MultiBehavior","imagePath":"texture.png"}